exchange_rate,sentiment_negative,sentiment_positive
1.4366,0.7082548141479492,0.291745126247406
1.44154,0.6622700691223145,0.33772993087768555
1.45102,0.622016429901123,0.37798357009887695
1.44949,0.6217201352119446,0.3782798945903778
1.44787,0.5623723864555359,0.4376276731491089
1.45028,0.7075827121734619,0.2924172580242157
1.45121,0.6662750244140625,0.3337249457836151
1.45368,0.7079352736473083,0.2920647859573364
1.4568,0.7956364154815674,0.20436356961727142
1.45874,0.6378515958786011,0.3621484339237213
1.44832,0.6682412028312683,0.3317587375640869
1.44723,0.6925999522209167,0.30740004777908325
1.44859,0.7101109623908997,0.2898889183998108
1.44801,0.6630823612213135,0.33691757917404175
1.44446,0.6335057616233826,0.3664942681789398
1.43727,0.7317662239074707,0.2682338356971741
1.43547,0.6433290243148804,0.3566710352897644
1.43491,0.6409287452697754,0.3590712547302246
1.42334,0.6578221321105957,0.3421778678894043
1.43921,0.5901874899864197,0.40981248021125793
1.45307,0.8252158761024475,0.17478413879871368
1.44741,0.5816744565963745,0.4183255136013031
1.45086,0.6965628266334534,0.30343714356422424
1.44851,0.7340550422668457,0.2659449577331543
1.43794,0.6478105187416077,0.35218942165374756
1.44725,0.76361483335495,0.2363852560520172
1.41714,0.6794455051422119,0.3205544650554657
1.41819,0.583080530166626,0.416919469833374
1.42514,0.8549505472183228,0.14504951238632202
1.4264,0.7022184729576111,0.2977816164493561
1.42642,0.7425132989883423,0.2574866712093353
1.43218,0.6766645908355713,0.3233353793621063
1.42689,0.5689393877983093,0.43106067180633545
1.42216,0.5641929507255554,0.43580710887908936
1.4224,0.8107737302780151,0.18922629952430725
1.43626,0.6215660572052002,0.3784339427947998
1.4401,0.6753994226455688,0.32460054755210876
1.43307,0.6881634593009949,0.31183651089668274
1.44175,0.7503333687782288,0.24966664612293243
1.44157,0.5085242986679077,0.4914757311344147
1.4411,0.70152747631073,0.29847249388694763
1.43877,0.7173793315887451,0.28262072801589966
1.4384,0.6965258717536926,0.3034741282463074
1.43657,0.5997854471206665,0.4002145826816559
1.43478,0.5989986062049866,0.4010014235973358
1.43221,0.6876983642578125,0.3123016357421875
1.44181,0.7779971361160278,0.22200290858745575
1.43389,0.7402424216270447,0.2597576379776001
1.43621,0.6790910363197327,0.32090890407562256
1.43733,0.6781513690948486,0.321848601102829
1.43943,0.6143054366111755,0.3856945335865021
1.43798,0.695064127445221,0.30493587255477905
1.4347,0.5727688074111938,0.42723116278648376
1.43761,0.745568573474884,0.25443148612976074
1.43629,0.6305468678474426,0.369453102350235
1.43444,0.6635541915893555,0.33644577860832214
1.4343,0.7182404398918152,0.2817595601081848
1.44271,0.5088150501251221,0.4911850094795227
1.43682,0.6265982389450073,0.3734017312526703
1.44122,0.6609656810760498,0.3390343487262726
1.44198,0.6113932728767395,0.3886066973209381
1.45009,0.6515840888023376,0.34841591119766235
1.45463,0.7274298071861267,0.2725701928138733
1.45865,0.5958394408226013,0.4041604697704315
1.46195,0.7351222038269043,0.26487791538238525
1.46644,0.6794505715370178,0.32054945826530457
1.4682,0.7093916535377502,0.29060834646224976
1.47884,0.7277835011482239,0.2722165584564209
1.48174,0.6901154518127441,0.30988457798957825
1.4766,0.6786237955093384,0.3213762640953064
1.48267,0.7719654440879822,0.22803455591201782
1.485,0.6513966917991638,0.3486032783985138
1.49291,0.6651235818862915,0.3348763585090637
1.5019,0.6534698605537415,0.3465301990509033
1.50329,0.7541112899780273,0.24588871002197266
1.49661,0.6823796033859253,0.3176203668117523
1.49215,0.7377488017082214,0.26225119829177856
1.49146,0.6411683559417725,0.3588316738605499
1.49805,0.6143511533737183,0.38564881682395935
1.49338,0.5965914726257324,0.4034084975719452
1.49881,0.5866724252700806,0.41332751512527466
1.49734,0.5544420480728149,0.44555798172950745
1.49916,0.7047299146652222,0.2952701151371002
1.4977,0.643175482749939,0.35682451725006104
1.48773,0.5655539631843567,0.4344460070133209
1.48764,0.5934278964996338,0.4065721333026886
1.49007,0.7731054425239563,0.2268945872783661
1.49387,0.5856881141662598,0.41431185603141785
1.4888,0.7205650210380554,0.2794349789619446
1.48672,0.6320956349372864,0.36790433526039124
1.48795,0.6969217658042908,0.3030782639980316
1.49057,0.5631192922592163,0.4368806779384613
1.48103,0.6947492957115173,0.30525070428848267
1.47993,0.73945552110672,0.26054447889328003
1.48595,0.6723911762237549,0.32760879397392273
1.49945,0.4982098340988159,0.5017901659011841
1.49716,0.6610594987869263,0.33894047141075134
1.4816,0.675993800163269,0.32400617003440857
1.47763,0.6107279062271118,0.3892720937728882
1.48048,0.6305115818977356,0.3694884181022644
1.47572,0.6688863635063171,0.33111363649368286
1.46895,0.6797512173652649,0.3202488422393799
1.46823,0.6685190796852112,0.33148089051246643
1.467,0.6598584055900574,0.3401415944099426
1.47613,0.7064165472984314,0.2935834228992462
1.47558,0.6373713612556458,0.36262863874435425
1.4782,0.6938140392303467,0.3061859607696533
1.48451,0.6312296986579895,0.3687702715396881
1.4864,0.7107544541358948,0.28924548625946045
1.48382,0.7195338606834412,0.28046613931655884
1.48009,0.6712225079536438,0.328777551651001
1.4787,0.6147962212562561,0.3852037191390991
1.4832,0.6263061165809631,0.37369391322135925
1.48877,0.7159870266914368,0.284013032913208
1.48032,0.6815735697746277,0.3184264600276947
1.47841,0.7202168703079224,0.27978312969207764
1.47745,0.5408073663711548,0.4591926038265228
1.48167,0.6131400465965271,0.3868599832057953
1.49313,0.7478142380714417,0.25218579173088074
1.50392,0.7238603830337524,0.27613967657089233
1.48848,0.598946750164032,0.4010532796382904
1.48741,0.6393299102783203,0.3606700599193573
1.47999,0.5072933435440063,0.49270665645599365
1.47333,0.7021222710609436,0.29787778854370117
1.47697,0.76654052734375,0.23345942795276642
1.47724,0.5988432168960571,0.4011569023132324
1.48432,0.6526948809623718,0.3473051190376282
1.47148,0.66911381483078,0.33088624477386475
1.47237,0.731610119342804,0.26838982105255127
1.46331,0.738511323928833,0.2614886462688446
1.46162,0.7363081574440002,0.26369184255599976
1.47399,0.7077146172523499,0.29228541254997253
1.4697,0.7136132717132568,0.28638678789138794
1.47488,0.7081137299537659,0.29188621044158936
1.47108,0.6913238167762756,0.30867621302604675
1.46709,0.7201494574546814,0.2798505425453186
1.46983,0.6680952310562134,0.33190473914146423
1.46779,0.6816604733467102,0.3183394968509674
1.46921,0.6099571585655212,0.39004284143447876
1.47298,0.7536734938621521,0.24632644653320312
1.47861,0.7040137648582458,0.2959861755371094
1.471,0.8186261653900146,0.18137381970882416
1.47189,0.7427783608436584,0.25722166895866394
1.47746,0.6109119653701782,0.3890880048274994
1.47137,0.7192327380180359,0.2807672321796417
1.47135,0.6226208806037903,0.37737905979156494
1.4718,0.6508556604385376,0.3491443693637848
1.4746,0.6337739825248718,0.36622607707977295
1.4741,0.7278509736061096,0.2721489369869232
1.47262,0.7253616452217102,0.2746383845806122
1.4686,0.7411295771598816,0.2588704824447632
1.46839,0.6624376177787781,0.3375623822212219
1.46912,0.6457656621932983,0.3542343080043793
1.47412,0.6906704902648926,0.3093295097351074
1.4744,0.6092873811721802,0.3907126188278198
1.47065,0.7936745882034302,0.20632553100585938
1.47153,0.6820623278617859,0.3179376423358917
1.4778,0.6572099328041077,0.34279003739356995
1.47764,0.7045798301696777,0.2954201400279999
1.47156,0.6006794571876526,0.399320513010025
1.47054,0.4918263554573059,0.5081736445426941
1.47426,0.7131839990615845,0.2868160307407379
1.47614,0.62303227186203,0.37696775794029236
1.47463,0.7688603401184082,0.231139674782753
1.4664,0.5371989011764526,0.46280112862586975
1.46966,0.5991746187210083,0.4008254408836365
1.4695,0.5776830315589905,0.42231693863868713
1.46394,0.6744705438613892,0.32552945613861084
1.4693,0.7499403953552246,0.2500596046447754
1.46826,0.5963616967201233,0.4036382734775543
1.47506,0.7143858075141907,0.2856142222881317
1.46607,0.8105398416519165,0.1894601583480835
1.47257,0.6569469571113586,0.34305310249328613
1.4779,0.7154894471168518,0.2845105528831482
1.48086,0.7174675464630127,0.2825324237346649
1.47592,0.6466614603996277,0.3533385694026947
1.48818,0.7243552803993225,0.2756447494029999
1.49291,0.6310344934463501,0.3689655065536499
1.4994,0.6286950707435608,0.3713049590587616
1.49729,0.6629987359046936,0.337001234292984
1.509,0.6310648322105408,0.368935227394104
1.50251,0.6834872961044312,0.3165127635002136
1.50406,0.6482164263725281,0.3517835736274719
1.51707,0.6851279139518738,0.3148720860481262
1.50809,0.7646411061286926,0.2353588193655014
1.49796,0.7050879597663879,0.29491204023361206
1.50014,0.5196852087974548,0.4803147614002228
1.49948,0.6701787114143372,0.32982137799263
1.49774,0.5739514231681824,0.4260485768318176
1.49642,0.622169017791748,0.37783098220825195
1.49056,0.6856736540794373,0.3143264055252075
1.49658,0.6550278067588806,0.3449721932411194
1.49644,0.7359423637390137,0.26405763626098633
1.49195,0.7269986271858215,0.2730013430118561
1.47887,0.6276981234550476,0.37230193614959717
1.4787,0.8151675462722778,0.1848323792219162
1.47665,0.7542106509208679,0.2457893192768097
1.4731,0.6310492157936096,0.368950754404068
1.4789,0.6068152189254761,0.39318472146987915
1.4813,0.7056882977485657,0.2943117022514343
1.48308,0.6461747288703918,0.35382533073425293
1.48338,0.6974719762802124,0.30252805352211
1.48554,0.6550592184066772,0.344940721988678
1.4906,0.627892255783081,0.37210774421691895
1.4941,0.665774941444397,0.3342250883579254
1.48774,0.6804341673851013,0.31956586241722107
1.48805,0.6822346448898315,0.31776538491249084
1.486,0.7283244729042053,0.2716754674911499
1.48054,0.6571537256240845,0.3428462743759155
1.48725,0.6988918781280518,0.301108181476593
1.49018,0.7384269833564758,0.26157307624816895
1.5014,0.7413904070854187,0.2586095929145813
1.50519,0.5999060273170471,0.4000939428806305
1.50326,0.5591782927513123,0.44082164764404297
1.50007,0.5795572996139526,0.42044270038604736
1.50622,0.721889853477478,0.2781101167201996
1.51557,0.62813401222229,0.37186601758003235
1.52628,0.6794676780700684,0.32053229212760925
1.52654,0.6618008613586426,0.3381991982460022
1.52355,0.6735922694206238,0.3264077305793762
1.53738,0.5875421166419983,0.4124578535556793
1.53356,0.6726933717727661,0.3273066580295563
1.52144,0.722695529460907,0.27730444073677063
1.5291,0.6827113032341003,0.31728866696357727
1.53277,0.6185082197189331,0.3814917504787445
1.52778,0.7139034867286682,0.2860965132713318
1.53249,0.6483138203620911,0.35168617963790894
1.52819,0.6169294118881226,0.38307055830955505
1.53604,0.7267647385597229,0.2732352614402771
1.53241,0.6958886384963989,0.3041112720966339
1.53773,0.682126522064209,0.317873477935791
1.54045,0.6428162455558777,0.3571837544441223
1.53886,0.7545106410980225,0.24548929929733276
1.53808,0.6012517213821411,0.3987483084201813
1.53413,0.5835872888565063,0.41641274094581604
1.53582,0.6764724254608154,0.3235275447368622
1.53425,0.6612183451652527,0.3387816846370697
1.5387,0.6866493225097656,0.3133506774902344
1.53933,0.6714459657669067,0.3285539746284485
1.54921,0.6774777770042419,0.3225221633911133
1.54952,0.6203262209892273,0.3796737492084503
1.55502,0.6053215861320496,0.39467841386795044
1.54897,0.6409698724746704,0.3590300679206848
1.54327,0.6704340577125549,0.32956597208976746
1.54593,0.5371997952461243,0.46280020475387573
1.5486,0.6534816026687622,0.3465184271335602
1.53656,0.67890864610672,0.32109135389328003
1.52908,0.6081690192222595,0.39183104038238525
1.54423,0.6505311727523804,0.349468857049942
1.53981,0.7168334126472473,0.2831665575504303
1.5369,0.733544647693634,0.26645535230636597
1.53538,0.6888431310653687,0.31115686893463135
1.54356,0.5977425575256348,0.40225741267204285
1.55151,0.6381102204322815,0.3618897497653961
1.55322,0.6955193877220154,0.3044806718826294
1.55405,0.701362669467926,0.298637330532074
1.55708,0.6674466729164124,0.3325533866882324
1.56223,0.648651659488678,0.351348340511322
1.55707,0.7564833760261536,0.24351662397384644
1.56448,0.6984586119651794,0.3015413284301758
1.5537,0.6269184350967407,0.3730815052986145
1.5537,0.6514645218849182,0.3485354781150818
1.56864,0.6628677845001221,0.33713215589523315
1.56964,0.6397181749343872,0.3602818250656128
1.57017,0.5244027376174927,0.4755972921848297
1.56798,0.5403677821159363,0.4596322178840637
1.56669,0.6328633427619934,0.3671366274356842
1.56529,0.6366398334503174,0.3633602559566498
1.56958,0.6088846325874329,0.3911154270172119
1.57378,0.5548631548881531,0.4451369345188141
1.5657,0.6970901489257812,0.30290988087654114
1.55988,0.7549929022789001,0.24500712752342224
1.554,0.688528299331665,0.31147173047065735
1.54277,0.583291232585907,0.4167087972164154
1.54971,0.6781273484230042,0.32187262177467346
1.54533,0.627822995185852,0.37217703461647034
1.54568,0.6424821615219116,0.357517808675766
1.55104,0.718125581741333,0.281874418258667
1.5508,0.7822611331939697,0.21773886680603027
1.54946,0.5594556927680969,0.44054436683654785
1.5486,0.6327976584434509,0.3672023415565491
1.56115,0.658196747303009,0.34180325269699097
1.5649,0.5710573196411133,0.4289426803588867
1.56106,0.6543152928352356,0.3456847667694092
1.54985,0.5990247130393982,0.4009752869606018
1.5532,0.6805437803268433,0.3194562792778015
1.55045,0.6211864352226257,0.3788135349750519
1.54969,0.6649381518363953,0.33506181836128235
1.54538,0.491396427154541,0.5086035132408142
1.54859,0.7432934641838074,0.256706565618515
1.55188,0.6937314867973328,0.306268572807312
1.55213,0.6915812492370605,0.30841878056526184
1.54988,0.6921542286872864,0.30784574151039124
1.55447,0.6505327224731445,0.3494672477245331
1.54897,0.7186708450317383,0.2813291549682617
1.55364,0.6683149337768555,0.3316851258277893
1.55119,0.5836122035980225,0.4163878560066223
1.54095,0.6339364051818848,0.36606350541114807
1.5395,0.6626777052879333,0.33732232451438904
1.53641,0.663967490196228,0.336032509803772
1.54773,0.6225351691246033,0.37746483087539673
1.54166,0.6865462064743042,0.3134537935256958
1.54629,0.5991988778114319,0.4008011221885681
1.53913,0.5699554681777954,0.430044561624527
1.53832,0.6818106174468994,0.318189412355423
1.55174,0.692912757396698,0.3070872724056244
1.55488,0.7094382047653198,0.2905617952346802
1.5642,0.6256358623504639,0.37436413764953613
1.55409,0.7484482526779175,0.2515517771244049
1.5592,0.5708350539207458,0.42916497588157654
1.5559,0.6814976930618286,0.318502277135849
1.5524,0.7625616192817688,0.23743842542171478
1.55816,0.6918258666992188,0.30817416310310364
1.5519,0.6808558702468872,0.3191440999507904
1.5517,0.6451190114021301,0.3548809885978699
1.54598,0.6650645732879639,0.33493542671203613
1.54758,0.7730453014373779,0.22695466876029968
1.54382,0.7011292576789856,0.29887068271636963
1.5426,0.8254547119140625,0.1745452880859375
1.5485,0.6863360404968262,0.3136639893054962
1.55121,0.7468863725662231,0.25311365723609924
1.5517,0.5613105297088623,0.4386894404888153
1.55988,0.7195114493370056,0.28048861026763916
1.562,0.7255383729934692,0.274461567401886
1.56226,0.6840952038764954,0.31590476632118225
1.55878,0.7336680293083191,0.2663319408893585
1.55968,0.5756268501281738,0.4243731200695038
1.56095,0.6493764519691467,0.35062360763549805
1.57172,0.654057502746582,0.3459424674510956
1.55931,0.7024742960929871,0.2975257635116577
1.55656,0.7248693108558655,0.27513065934181213
1.55789,0.751771092414856,0.24822887778282166
1.55969,0.8219249844551086,0.17807495594024658
1.557,0.7638068795204163,0.23619310557842255
1.56571,0.79414963722229,0.20585033297538757
1.56335,0.7086029648780823,0.2913970649242401
1.55865,0.7097374200820923,0.29026249051094055
1.55605,0.6925488114356995,0.3074512183666229
1.5617,0.6580036878585815,0.34199631214141846
1.56318,0.7847155928611755,0.21528436243534088
1.56153,0.7625392079353333,0.23746079206466675
1.55925,0.7025987505912781,0.29740116000175476
1.55237,0.6591101288795471,0.34088990092277527
1.55817,0.6865541934967041,0.3134458661079407
1.54694,0.7366102337837219,0.26338979601860046
1.54569,0.6550200581550598,0.3449798822402954
1.55563,0.6751747131347656,0.324825257062912
1.54609,0.7317058444023132,0.26829415559768677
1.55651,0.7446681261062622,0.2553319036960602
1.55698,0.5617175698280334,0.4382823705673218
1.5581,0.8639376759529114,0.1360624134540558
1.55146,0.6825810670852661,0.3174189329147339
1.55564,0.5985082387924194,0.4014917314052582
1.5584,0.7052785158157349,0.29472148418426514
1.55891,0.6696537137031555,0.33034631609916687
1.55553,0.6040377616882324,0.39596226811408997
1.56392,0.6486662030220032,0.35133373737335205
1.56529,0.581575334072113,0.41842466592788696
1.57118,0.7077157497406006,0.2922842800617218
1.5699,0.6565709114074707,0.3434291481971741
1.5704,0.5312092304229736,0.468790739774704
1.56229,0.6027408242225647,0.3972591161727905
1.56152,0.7274698615074158,0.27253010869026184
1.56183,0.6185123920440674,0.3814876079559326
1.5685,0.7432782649993896,0.25672170519828796
1.57733,0.6336730718612671,0.3663269281387329
1.5808,0.6770747303962708,0.32292523980140686
1.57475,0.6816427707672119,0.3183571994304657
1.57071,0.7036055326461792,0.2963944971561432
1.57526,0.5547833442687988,0.44521668553352356
1.57879,0.7974985241889954,0.20250150561332703
1.5895,0.7709622383117676,0.22903774678707123
1.57252,0.7498069405555725,0.2501930892467499
1.56851,0.7217183709144592,0.27828162908554077
1.56962,0.6423143744468689,0.3576855957508087
1.56258,0.7342675924301147,0.26573240756988525
1.55441,0.6220497488975525,0.3779502213001251
1.552,0.7059996724128723,0.2940003573894501
1.55091,0.6379339694976807,0.36206603050231934
1.54875,0.6570371985435486,0.3429628312587738
1.55161,0.710008978843689,0.28999102115631104
1.54597,0.7830872535705566,0.21691279113292694
1.54156,0.7292885184288025,0.2707115113735199
1.55151,0.7688308358192444,0.2311692237854004
1.54378,0.5611432194709778,0.4388567805290222
1.53562,0.7895683646202087,0.21043168008327484
1.53326,0.7632467150688171,0.23675322532653809
1.53199,0.6238950490951538,0.3761049211025238
1.53387,0.6261112689971924,0.37388876080513
1.53132,0.7225819230079651,0.2774181663990021
1.52369,0.603262722492218,0.39673736691474915
1.52468,0.6713065505027771,0.3286934494972229
1.5284,0.6492254734039307,0.35077449679374695
1.52492,0.6993948817253113,0.3006051182746887
1.53581,0.5741564035415649,0.42584359645843506
1.53527,0.7444508075714111,0.25554928183555603
1.52989,0.7486748099327087,0.25132524967193604
1.5351,0.7025861144065857,0.2974138557910919
1.53238,0.49769327044487,0.5023068189620972
1.52326,0.012167809531092644,0.987832248210907
1.52069,0.7459949254989624,0.25400510430336
1.524,0.7088356018066406,0.29116445779800415
1.52525,0.6715000867843628,0.3284999430179596
1.52547,0.6952186822891235,0.304781436920166
1.53354,0.5300515294075012,0.46994850039482117
1.52922,0.7738391160964966,0.2261609435081482
1.54009,0.6610948443412781,0.33890512585639954
1.52589,0.75030118227005,0.24969880282878876
1.52149,0.7364556789398193,0.26354438066482544
1.51145,0.7066171169281006,0.2933829128742218
1.51503,0.6936160326004028,0.3063839375972748
1.52994,0.6886748671531677,0.3113251328468323
1.51661,0.7416104078292847,0.2583896517753601
1.51116,0.700523316860199,0.29947665333747864
1.51109,0.670834481716156,0.329165518283844
1.52837,0.7577371001243591,0.2422628551721573
1.5256,0.876643717288971,0.12335632741451263
1.51529,0.7540851831436157,0.24591483175754547
1.51296,0.7105790376663208,0.289421021938324
1.5231,0.47385725378990173,0.5261427760124207
1.52533,0.7711707353591919,0.2288292646408081
1.5274,0.6973413825035095,0.30265864729881287
1.52626,0.6185123324394226,0.381487637758255
1.5226,0.7788467407226562,0.22115324437618256
1.52143,0.6511228084564209,0.3488771617412567
1.52629,0.7220192551612854,0.2779807448387146
1.51753,0.6936140060424805,0.3063860237598419
1.52498,0.824649453163147,0.17535051703453064
1.52634,0.7390766143798828,0.26092329621315
1.5149,0.6913155913352966,0.30868443846702576
1.5091,0.7828282117843628,0.21717187762260437
1.5133,0.7613046765327454,0.23869530856609344
1.53018,0.5835556387901306,0.416444331407547
1.52096,0.6528910994529724,0.3471088409423828
1.53574,0.5344884395599365,0.4655115306377411
1.54627,0.6902247071266174,0.30977532267570496
1.52691,0.7140811681747437,0.28591886162757874
1.5091,0.7008610367774963,0.2991390526294708
1.51539,0.8629500269889832,0.13704995810985565
1.5186,0.6626973152160645,0.33730271458625793
1.5254,0.6738264560699463,0.3261736035346985
1.51671,0.7812964916229248,0.21870353817939758
1.53272,0.6808883547782898,0.3191116154193878
1.54108,0.6441818475723267,0.35581815242767334
1.5344,0.7012554407119751,0.2987445890903473
1.52197,0.6731619834899902,0.32683804631233215
1.52478,0.7093184590339661,0.2906816005706787
1.539,0.6469973921775818,0.3530025780200958
1.52455,0.7173086404800415,0.2826913893222809
1.51484,0.6886876225471497,0.31131237745285034
1.52551,0.7208184003829956,0.279181569814682
1.52751,0.7647935748100281,0.23520644009113312
1.5225,0.6993603110313416,0.30063971877098083
1.52672,0.7189792990684509,0.28102076053619385
1.52499,0.652069091796875,0.3479309678077698
1.5355,0.6786066889762878,0.32139331102371216
1.53169,0.7531332969665527,0.24686671793460846
1.55107,0.7374621629714966,0.26253777742385864
1.55344,0.7337424159049988,0.26625755429267883
1.564,0.6681099534034729,0.3318900167942047
1.55814,0.7952525615692139,0.20474737882614136
1.55185,0.7204962372779846,0.2795037031173706
1.54671,0.7317125797271729,0.26828745007514954
1.56027,0.7680976390838623,0.23190228641033173
1.55586,0.6097391247749329,0.39026087522506714
1.53593,0.6806829571723938,0.3193169832229614
1.5491,0.8162433505058289,0.18375660479068756
1.58313,0.7624820470809937,0.23751796782016754
1.56765,0.7904012203216553,0.20959879457950592
1.56224,0.7309345602989197,0.26906540989875793
1.53271,0.7073972225189209,0.2926027476787567
1.55586,0.8037440180778503,0.19625595211982727
1.55026,0.6389169692993164,0.3610830307006836
1.55038,0.6383890509605408,0.3616109788417816
1.5619,0.5561023950576782,0.4438976049423218
1.51466,0.647017240524292,0.352982759475708
1.5052,0.6303839087486267,0.3696161210536957
1.49032,0.5792974233627319,0.42070257663726807
1.49461,0.6834180355072021,0.31658193469047546
1.48442,0.68757563829422,0.3124244511127472
1.47741,0.7333009243011475,0.2666991353034973
1.47256,0.6290075182914734,0.37099242210388184
1.45148,0.675914466381073,0.3240855038166046
1.44549,0.6977354288101196,0.30226460099220276
1.44189,0.6724518537521362,0.32754814624786377
1.43444,0.6364033222198486,0.3635966181755066
1.42983,0.7156066298484802,0.2843933403491974
1.42937,0.6874479651451111,0.3125521242618561
1.43088,0.6476815342903137,0.35231849551200867
1.43409,0.6546093225479126,0.3453907370567322
1.43515,0.6615934371948242,0.33840659260749817
1.43799,0.6490267515182495,0.3509732484817505
1.4405,0.5753377676010132,0.42466220259666443
1.45072,0.6374673843383789,0.3625325560569763
1.45273,0.6466227173805237,0.3533772826194763
1.4568,0.8029695749282837,0.1970304250717163
1.45885,0.6354963183403015,0.3645037114620209
1.46105,0.601624071598053,0.398375928401947
1.46627,0.7756844758987427,0.22431552410125732
1.46984,0.6961877346038818,0.30381226539611816
1.46778,0.7040377259254456,0.29596221446990967
1.45677,0.7399833798408508,0.2600165605545044
1.453,0.7416612505912781,0.25833871960639954
1.45034,0.693297803401947,0.306702196598053
1.45354,0.6955058574676514,0.30449411273002625
1.4486,0.5819661021232605,0.4180338680744171
1.45107,0.6969762444496155,0.3030237555503845
1.45712,0.6270353198051453,0.37296468019485474
1.44873,0.6587185263633728,0.34128156304359436
1.44767,0.6876106858253479,0.3123893737792969
1.44831,0.7785495519638062,0.22145040333271027
1.45222,0.6550348997116089,0.3449651300907135
1.4544,0.7629180550575256,0.23708190023899078
1.45303,0.6360913515090942,0.36390867829322815
1.45368,0.6493144035339355,0.35068559646606445
1.45126,0.6547712683677673,0.34522873163223267
1.45043,0.7775279879570007,0.22247207164764404
1.44827,0.731969952583313,0.268030047416687
1.4493,0.6274117827415466,0.3725881576538086
1.45135,0.6996928453445435,0.30030718445777893
1.45023,0.5364301800727844,0.46356984972953796
1.45021,0.5053596496582031,0.4946403503417969
1.45596,0.722476601600647,0.277523398399353
1.4555,0.7448500394821167,0.2551499903202057
1.46265,0.7124864459037781,0.2875135540962219
1.46085,0.6793799996376038,0.320620059967041
1.45462,0.6601069569587708,0.33989307284355164
1.45869,0.4874543845653534,0.5125455856323242
1.45913,0.6511572003364563,0.3488428294658661
1.45754,0.5484129190444946,0.45158708095550537
1.45625,0.7498895525932312,0.2501105070114136
1.46003,0.6987282037734985,0.3012717664241791
1.45792,0.6190457344055176,0.3809542655944824
1.46731,0.5140495300292969,0.48595041036605835
1.46521,0.6784535050392151,0.3215464651584625
1.4634,0.7463733553886414,0.25362661480903625
1.47236,0.6060240268707275,0.39397600293159485
1.46656,0.5775980949401855,0.42240190505981445
1.46762,0.7596510052680969,0.2403489649295807
1.4649,0.7086055278778076,0.29139450192451477
1.46526,0.5803189277648926,0.4196811020374298
1.46338,0.622900128364563,0.377099871635437
1.4621,0.6210752725601196,0.378924697637558
1.47309,0.6580797433853149,0.34192025661468506
1.47384,0.48529887199401855,0.5147011280059814
1.46211,0.6694394946098328,0.330560564994812
1.46214,0.6220449209213257,0.3779551088809967
1.46196,0.4786565899848938,0.521343469619751
1.46281,0.7161927223205566,0.28380730748176575
1.46455,0.6209378838539124,0.37906208634376526
1.46581,0.6035903096199036,0.3964097499847412
1.46918,0.7029388546943665,0.29706108570098877
1.47375,0.7166171073913574,0.2833828628063202
1.46916,0.6074742078781128,0.39252573251724243
1.46181,0.6625189185142517,0.33748114109039307
1.46054,0.7229123115539551,0.27708762884140015
1.45999,0.6906260251998901,0.3093739449977875
1.45886,0.6329907178878784,0.36700931191444397
1.45705,0.6455503702163696,0.35444968938827515
1.45956,0.521399199962616,0.4786008298397064
1.4572,0.6986480355262756,0.301351934671402
1.45561,0.7220931053161621,0.27790695428848267
1.45936,0.6758037209510803,0.3241962492465973
1.45613,0.5807388424873352,0.4192611575126648
1.46312,0.7076171040534973,0.29238295555114746
1.4661,0.6658914089202881,0.3341085910797119
1.46847,0.7852358222007751,0.21476414799690247
1.46779,0.7977017760276794,0.20229822397232056
1.45461,0.7562512755393982,0.24374867975711823
1.44899,0.7224181294441223,0.2775819003582001
1.44594,0.6417632699012756,0.35823675990104675
1.45152,0.6511074900627136,0.3488924503326416
1.45544,0.6017892956733704,0.398210734128952
1.45715,0.7499156594276428,0.2500843405723572
1.45926,0.664642870426178,0.335357129573822
1.46757,0.6656999588012695,0.3342999517917633
1.46154,0.6036649942398071,0.39633506536483765
1.46196,0.6063123941421509,0.39368757605552673
1.4563,0.7139193415641785,0.28608062863349915
1.45882,0.6764965653419495,0.32350343465805054
1.45615,0.5860459208488464,0.4139540195465088
1.46284,0.6117005944252014,0.38829943537712097
1.46574,0.591343104839325,0.40865692496299744
1.45994,0.6298636198043823,0.37013640999794006
1.46006,0.5726730823516846,0.42732688784599304
1.461,0.6543687582015991,0.34563127160072327
1.46299,0.706010639667511,0.293989360332489
1.46093,0.6259869933128357,0.3740130662918091
1.44516,0.716222882270813,0.2837771475315094
1.44287,0.6864580512046814,0.3135419487953186
1.4481,0.7587755918502808,0.24122440814971924
1.44875,0.6941977143287659,0.30580225586891174
1.45198,0.7531342506408691,0.24686577916145325
1.45886,0.593151330947876,0.4068487286567688
1.45765,0.6819995641708374,0.318000465631485
1.46015,0.622635006904602,0.3773649334907532
1.4641,0.7284820675849915,0.27151796221733093
1.46625,0.702314555644989,0.297685444355011
1.4663,0.7005878686904907,0.2994121313095093
1.45675,0.6896100640296936,0.31038999557495117
1.47101,0.5924980044364929,0.4075019955635071
1.46075,0.7231875658035278,0.27681249380111694
1.453,0.5059002637863159,0.4940997362136841
1.45237,0.5103040933609009,0.4896959960460663
1.45487,0.6525654792785645,0.34743449091911316
1.4524,0.6937079429626465,0.3062920570373535
1.45965,0.7009315490722656,0.299068421125412
1.4591,0.6655248999595642,0.3344751000404358
1.46338,0.6087440848350525,0.3912559449672699
1.4615,0.7125694155693054,0.28743061423301697
1.46213,0.5910173654556274,0.4089825749397278
1.46946,0.7015758752822876,0.2984241545200348
1.47487,0.6303434371948242,0.36965662240982056
1.47321,0.6911095976829529,0.3088904619216919
1.47077,0.6290843486785889,0.3709156811237335
1.47905,0.7026451230049133,0.29735487699508667
1.47343,0.69562166929245,0.30437833070755005
1.47349,0.6986960172653198,0.3013039827346802
1.47787,0.7115625143051147,0.28843745589256287
1.47673,0.6722766757011414,0.32772335410118103
1.471,0.6711639165878296,0.3288361132144928
1.47921,0.6267405152320862,0.37325942516326904
1.48389,0.6720057725906372,0.3279941976070404
1.47737,0.5452169179916382,0.4547830820083618
1.48443,0.42468181252479553,0.5753180980682373
1.4805,0.7014080286026001,0.2985920011997223
1.4801,0.6871733665466309,0.31282663345336914
1.49089,0.7130705714225769,0.2869293987751007
1.48772,0.663446307182312,0.33655375242233276
1.48299,0.613847553730011,0.3861524164676666
1.46648,0.7195500135421753,0.2804500162601471
1.4638,0.597957193851471,0.4020427465438843
1.46103,0.6422051191329956,0.3577948212623596
1.46708,0.6544438600540161,0.3455561399459839
1.46703,0.675383985042572,0.324616014957428
1.46466,0.6586390733718872,0.3413608968257904
1.46689,0.6097686886787415,0.39023131132125854
1.4638,0.6611170768737793,0.3388829231262207
1.4648,0.5345245003700256,0.46547555923461914
1.47117,0.7386608719825745,0.26133909821510315
1.46504,0.6186075806617737,0.3813924193382263
1.46737,0.7531817555427551,0.24681822955608368
1.46525,0.7529608607292175,0.24703912436962128
1.4665,0.6264650821685791,0.3735349774360657
1.46906,0.7701680660247803,0.2298320084810257
1.46786,0.7179137468338013,0.2820863425731659
1.47077,0.6247698068618774,0.37523016333580017
1.47187,0.5658770799636841,0.4341229200363159
1.47098,0.6942387819290161,0.3057612180709839
1.46902,0.7151244282722473,0.2848755717277527
1.4677,0.5464974045753479,0.4535026252269745
1.47251,0.6335192322731018,0.36648082733154297
1.47359,0.6969390511512756,0.3030608892440796
1.47929,0.6949717998504639,0.30502817034721375
1.48181,0.7136567234992981,0.2863433361053467
1.48834,0.6912813186645508,0.3087187111377716
1.4891,0.6217629909515381,0.3782370388507843
1.49263,0.6850802302360535,0.3149198591709137
1.49776,0.5856794118881226,0.41432052850723267
1.50241,0.6780080795288086,0.3219919502735138
1.50277,0.5688140988349915,0.43118587136268616
1.48954,0.7349445819854736,0.265055388212204
1.49122,0.5149083733558655,0.4850916564464569
1.49751,0.6311579942703247,0.3688420355319977
1.50475,0.6082339286804199,0.3917660415172577
1.50296,0.6304687261581421,0.3695313036441803
1.50275,0.6483306884765625,0.3516693413257599
1.5059,0.7586901187896729,0.24130988121032715
1.50448,0.7415151596069336,0.258484810590744
1.50071,0.6357536911964417,0.36424627900123596
1.50301,0.6051034927368164,0.3948964774608612
1.50662,0.4017316401004791,0.5982683897018433
1.50698,0.474435955286026,0.5255640745162964
1.50715,0.6882150173187256,0.31178492307662964
1.51175,0.6493090391159058,0.35069093108177185
1.50856,0.6370341777801514,0.362965852022171
1.50236,0.6786605715751648,0.3213394582271576
1.50479,0.6905456185340881,0.3094543516635895
1.5064,0.5737357139587402,0.4262642562389374
1.50424,0.6592829823493958,0.34071704745292664
1.5044,0.7005364894866943,0.29946351051330566
1.50655,0.6628311276435852,0.3371689021587372
1.49859,0.6951401233673096,0.3048599064350128
1.49624,0.6879779100418091,0.3120220899581909
1.49952,0.7669294476509094,0.23307056725025177
1.50093,0.7805483937263489,0.21945160627365112
1.50406,0.768072783946991,0.23192718625068665
1.50608,0.6468643546104431,0.3531356155872345
1.50813,0.732185423374176,0.2678145170211792
1.51433,0.7048044204711914,0.295195609331131
1.5068,0.7604773640632629,0.23952266573905945
1.5114,0.6798703670501709,0.3201296627521515
1.50845,0.6934583187103271,0.30654177069664
1.50768,0.7730493545532227,0.22695064544677734
1.5063,0.585882842540741,0.4141171872615814
1.5016,0.6811440587043762,0.3188559412956238
1.50498,0.7226989269256592,0.27730104327201843
1.50536,0.7256253957748413,0.2743746340274811
1.50155,0.5312628149986267,0.4687372148036957
1.50457,0.5842019319534302,0.4157980978488922
1.49915,0.5139700770378113,0.48602986335754395
1.50115,0.5886044502258301,0.4113956093788147
1.50554,0.6427063941955566,0.35729360580444336
1.50699,0.6513615846633911,0.3486383557319641
1.50262,0.6328652501106262,0.3671347498893738
1.50496,0.6233105063438416,0.37668946385383606
1.50345,0.736829400062561,0.26317068934440613
1.50821,0.6601670980453491,0.3398329019546509
1.50683,0.6733631491661072,0.32663682103157043
1.5115,0.7617794275283813,0.23822052776813507
1.50373,0.7678329348564148,0.232167050242424
1.50602,0.6959143280982971,0.3040856719017029
1.50168,0.6460442543029785,0.35395577549934387
1.5018,0.6943349242210388,0.3056650757789612
1.49855,0.7481508851051331,0.25184914469718933
1.50147,0.59649658203125,0.40350350737571716
1.49966,0.546476423740387,0.4535236060619354
1.49947,0.7576853632926941,0.24231462180614471
1.49464,0.7343318462371826,0.26566818356513977
1.4915,0.5736132860183716,0.4263867139816284
1.4958,0.6130919456481934,0.38690805435180664
1.5084,0.6438084244728088,0.35619160532951355
1.50837,0.575890839099884,0.42410916090011597
1.50893,0.5367460250854492,0.46325400471687317
1.51622,0.6596318483352661,0.34036821126937866
1.51525,0.6450181007385254,0.3549818694591522
1.52019,0.7012026309967041,0.2987973988056183
1.51813,0.5888075828552246,0.411192387342453
1.51277,0.6453478336334229,0.3546521067619324
1.51231,0.6111364960670471,0.3888635039329529
1.5096,0.5247605443000793,0.47523945569992065
1.50701,0.5905836820602417,0.4094163775444031
1.50673,0.7217059135437012,0.27829405665397644
1.50769,0.5269449353218079,0.47305503487586975
1.50876,0.6392207145690918,0.3607792854309082
1.50594,0.6135770678520203,0.3864229917526245
1.50534,0.6977850198745728,0.30221495032310486
1.51928,0.6191477179527283,0.3808523416519165
1.50921,0.6946569085121155,0.3053432106971741
1.50882,0.6492344737052917,0.3507654368877411
1.51055,0.6226646900177002,0.3773353099822998
1.49721,0.5420816540718079,0.4579183757305145
1.49562,0.6986504197120667,0.30134961009025574
1.50023,0.7191594839096069,0.28084051609039307
1.498,0.6229490637779236,0.3770509362220764
1.48755,0.5473130941390991,0.4526869058609009
1.49944,0.6978634595870972,0.30213654041290283
1.49458,0.6483677625656128,0.3516322672367096
1.49832,0.7642251253128052,0.23577484488487244
1.49687,0.7604294419288635,0.2395705282688141
1.49519,0.6304925084114075,0.36950749158859253
1.50143,0.7386232018470764,0.2613767981529236
1.49239,0.5789729952812195,0.4210270643234253
1.49949,0.7539699673652649,0.2460300326347351
1.50047,0.6334439516067505,0.3665560781955719
1.50315,0.6663763523101807,0.3336236774921417
1.50908,0.7474390864372253,0.2525608539581299
1.502,0.668973982334137,0.3310260772705078
1.49708,0.6830365657806396,0.31696346402168274
1.50026,0.6763739585876465,0.3236260712146759
1.4988,0.6523775458335876,0.34762245416641235
1.50276,0.6789839267730713,0.3210161030292511
1.50994,0.6622961163520813,0.3377038836479187
1.51738,0.7191346883773804,0.28086531162261963
1.51529,0.7027338743209839,0.2972661554813385
1.50613,0.7434452772140503,0.2565546929836273
1.50933,0.6744607090950012,0.32553932070732117
1.51876,0.729210376739502,0.2707896828651428
1.51705,0.7119682431221008,0.28803178668022156
1.51188,0.6903468370437622,0.3096531629562378
1.50554,0.6599533557891846,0.34004664421081543
1.51213,0.5843152403831482,0.4156847596168518
1.50992,0.7040685415267944,0.29593148827552795
1.51303,0.6972441673278809,0.3027558922767639
1.52274,0.8314403295516968,0.16855965554714203
1.5197,0.756101667881012,0.24389834702014923
1.52189,0.7187324166297913,0.28126758337020874
1.52506,0.6979179978370667,0.30208200216293335
1.51845,0.6256264448165894,0.37437358498573303
1.52568,0.6984596848487854,0.3015402555465698
1.52287,0.6982249617576599,0.3017750382423401
1.53575,0.7151447534561157,0.2848552465438843
1.54566,0.691339910030365,0.3086601495742798
1.562,0.6372495293617249,0.36275050044059753
1.56442,0.6238897442817688,0.3761102259159088
1.5597,0.6088542938232422,0.3911456763744354
1.55617,0.7190964221954346,0.28090357780456543
1.54116,0.6695454120635986,0.33045461773872375
1.55118,0.698346734046936,0.3016532063484192
1.5502,0.6144288778305054,0.385571151971817
1.5458,0.5845214128494263,0.41547855734825134
1.54577,0.649086594581604,0.3509134352207184
1.53407,0.6667136549949646,0.3332863748073578
1.53075,0.5837395787239075,0.41626039147377014
1.52186,0.7531394958496094,0.2468605488538742
1.51225,0.774961531162262,0.22503846883773804
1.51594,0.7804570198059082,0.2195429652929306
1.51836,0.6662260293960571,0.33377397060394287
1.51579,0.7711604833602905,0.22883948683738708
1.52041,0.70900559425354,0.29099446535110474
1.51662,0.6060311198234558,0.3939689099788666
1.52357,0.7140106558799744,0.285989373922348
1.51552,0.7395499348640442,0.2604500353336334
1.50376,0.7048806548118591,0.2951193153858185
1.49843,0.7221819162368774,0.2778180241584778
1.5039,0.6425845623016357,0.35741543769836426
1.51224,0.665264904499054,0.3347351551055908
1.50864,0.6883829236030579,0.3116171061992645
1.50142,0.5707266330718994,0.4292733371257782
1.5013,0.6364883184432983,0.3635116517543793
1.49965,0.7715520858764648,0.22844786942005157
1.50386,0.5326654314994812,0.4673345685005188
1.5065,0.7783926129341125,0.22160734236240387
1.51252,0.6657757759094238,0.33422422409057617
1.5083,0.6926581859588623,0.3073418438434601
1.50115,0.654807448387146,0.3451925218105316
1.4921,0.6442297101020813,0.3557702600955963
1.49822,0.754725992679596,0.24527403712272644
1.49509,0.7371697425842285,0.2628302574157715
1.48593,0.7849505543708801,0.2150494009256363
1.49682,0.6254079937934875,0.37459200620651245
1.49472,0.5967523455619812,0.4032476246356964
1.4989,0.6258125305175781,0.3741874694824219
1.49851,0.6911567449569702,0.3088431656360626
1.4952,0.6664586067199707,0.3335413932800293
1.49236,0.5093976259231567,0.49060237407684326
1.49235,0.6255263090133667,0.3744736909866333
1.4892,0.7262016534805298,0.27379825711250305
1.48781,0.6908752918243408,0.3091246485710144
1.4935,0.7629210352897644,0.23707890510559082
1.49333,0.6407658457756042,0.35923415422439575
1.48661,0.6536697745323181,0.3463302254676819
1.48669,0.6638991832733154,0.3361007869243622
1.50086,0.7135677933692932,0.2864322364330292
1.5018,0.613496720790863,0.3865032494068146
1.5078,0.6986531019210815,0.30134686827659607
1.49828,0.8166117668151855,0.18338823318481445
1.4979,0.6523774266242981,0.3476225733757019
1.49705,0.7261228561401367,0.27387717366218567
1.50452,0.6670650839805603,0.3329349160194397
1.50523,0.7633535861968994,0.236646369099617
1.51046,0.8031737804412842,0.19682621955871582
1.50507,0.7778317332267761,0.22216829657554626
1.4879,0.7220397591590881,0.2779601812362671
1.48899,0.5940663814544678,0.4059336483478546
1.49001,0.7438618540763855,0.2561380863189697
1.48804,0.7245053052902222,0.27549469470977783
1.47806,0.6916165947914124,0.30838337540626526
1.48104,0.6274509429931641,0.37254905700683594
1.48281,0.5993794798851013,0.4006205201148987
1.49742,0.6669207811355591,0.3330792784690857
1.51604,0.6521874070167542,0.34781259298324585
1.53156,0.795131504535675,0.20486845076084137
1.52427,0.7396251559257507,0.26037487387657166
1.52159,0.6349490880966187,0.3650508522987366
1.51682,0.5922248363494873,0.4077751934528351
1.52005,0.5923965573310852,0.40760350227355957
1.50797,0.7557424902915955,0.24425755441188812
1.51473,0.7014217376708984,0.29857829213142395
1.52357,0.7233184576034546,0.2766816020011902
1.51472,0.6719253063201904,0.3280746340751648
1.5194,0.6472180485725403,0.35278189182281494
1.51133,0.6363589763641357,0.36364105343818665
1.51496,0.6700066328048706,0.3299933969974518
1.52588,0.719027042388916,0.280972957611084
1.51948,0.6935984492301941,0.30640164017677307
1.52859,0.5825937986373901,0.41740623116493225
1.53238,0.7174561023712158,0.2825438380241394
1.52649,0.7071976661682129,0.2928023338317871
1.5207,0.679569661617279,0.32043030858039856
1.51199,0.6365960836410522,0.363403856754303
1.51424,0.6625027060508728,0.3374972939491272
1.51141,0.5502374768257141,0.4497624933719635
1.51168,0.593108057975769,0.4068918824195862
1.51421,0.6398648619651794,0.36013519763946533
1.51304,0.7544220089912415,0.24557796120643616
1.51092,0.36504948139190674,0.6349504590034485
1.50682,0.5009055733680725,0.4990944266319275
1.5093,0.5224424004554749,0.47755762934684753
1.49859,0.6226992607116699,0.37730076909065247
1.49335,0.5975127220153809,0.40248724818229675
1.49657,0.6410745978355408,0.35892537236213684
1.49089,0.6013701558113098,0.39862990379333496
1.48132,0.6228037476539612,0.3771963119506836
1.49702,0.6334801912307739,0.3665197789669037
1.49945,0.6422978043556213,0.35770225524902344
1.50372,0.6869510412216187,0.3130490183830261
1.51158,0.614881694316864,0.38511839509010315
1.51488,0.7129269242286682,0.28707313537597656
1.5027,0.6556922197341919,0.3443077802658081
1.50198,0.6260539293289185,0.37394607067108154
1.50848,0.740952730178833,0.259047269821167
1.51601,0.6380370259284973,0.3619630038738251
1.52159,0.7236484885215759,0.2763515114784241
1.52511,0.6514585614204407,0.34854140877723694
1.52142,0.6106421947479248,0.3893578052520752
1.5218,0.5483540892601013,0.4516459107398987
1.53031,0.69115149974823,0.3088485598564148
1.5366,0.6473881006240845,0.3526118993759155
1.53984,0.6626970767974854,0.3373029828071594
1.54045,0.7339732050895691,0.2660268247127533
1.54479,0.7470505237579346,0.25294941663742065
1.53343,0.600230872631073,0.3997691571712494
1.53851,0.7068783044815063,0.29312166571617126
1.5383,0.7573050856590271,0.2426949143409729
1.53714,0.6769227385520935,0.3230772912502289
1.53584,0.7320809960365295,0.26791906356811523
1.54214,0.6722669005393982,0.3277330994606018
1.54198,0.6518867611885071,0.3481132686138153
1.54091,0.6865845322608948,0.31341540813446045
1.53635,0.6162912845611572,0.3837087154388428
1.53546,0.7054885029792786,0.2945115566253662
1.53205,0.695104718208313,0.3048953413963318
1.53211,0.669056236743927,0.3309437930583954
1.53478,0.5052645802497864,0.49473538994789124
1.53403,0.6714633703231812,0.3285366892814636
1.53298,0.5664680004119873,0.4335320293903351
1.54121,0.7174453735351562,0.28255462646484375
1.5496,0.6898751258850098,0.31012484431266785
1.5553,0.6606941819190979,0.3393058478832245
1.5461,0.7151142358779907,0.2848857343196869
1.54574,0.7558447122573853,0.24415521323680878
1.54071,0.592239499092102,0.40776053071022034
1.53948,0.7481797337532043,0.25182026624679565
1.53442,0.7323697209358215,0.26763030886650085
1.53175,0.8486689329147339,0.1513310670852661
1.51789,0.6356582641601562,0.36434173583984375
1.53085,0.6730105876922607,0.3269893527030945
1.52892,0.6890140175819397,0.3109859526157379
1.52899,0.6971670389175415,0.3028329312801361
1.52043,0.6030188202857971,0.39698120951652527
1.5304,0.6578416228294373,0.34215834736824036
1.5247,0.6383979916572571,0.36160194873809814
1.51967,0.7598854303359985,0.24011456966400146
1.51224,0.6635685563087463,0.3364314138889313
1.50974,0.753865122795105,0.24613487720489502
1.51467,0.7142005562782288,0.285799503326416
1.50327,0.747337281703949,0.25266268849372864
1.50266,0.5800569653511047,0.41994303464889526
1.51082,0.6445102095603943,0.3554897904396057
1.511,0.6603026390075684,0.33969730138778687
1.50942,0.6509998440742493,0.34900015592575073
1.50266,0.704052209854126,0.295947790145874
1.51004,0.7325347661972046,0.2674652338027954
1.50707,0.694610595703125,0.3053893744945526
1.51565,0.6550365090370178,0.34496355056762695
1.51296,0.6587164402008057,0.34128355979919434
1.51026,0.7018258571624756,0.2981741726398468
1.52161,0.7885621786117554,0.21143776178359985
1.52719,0.6694933772087097,0.33050668239593506
1.528,0.7305658459663391,0.2694341540336609
1.52137,0.6944155097007751,0.30558454990386963
1.52338,0.730075478553772,0.2699245512485504
1.53601,0.6114189624786377,0.3885810077190399
1.53629,0.6902941465377808,0.3097058832645416
1.5351,0.7329451441764832,0.26705488562583923
1.54021,0.7879745960235596,0.21202540397644043
1.53897,0.7363056540489197,0.2636943459510803
1.54008,0.7129652500152588,0.2870347499847412
1.55051,0.7069306969642639,0.2930693030357361
1.55467,0.5945395827293396,0.4054604470729828
1.55819,0.7473357319831848,0.252664178609848
1.56202,0.6341792941093445,0.3658207654953003
1.56881,0.6013422608375549,0.3986577093601227
1.56806,0.6739983558654785,0.3260016441345215
1.56835,0.7588854432106018,0.2411145716905594
1.56303,0.7275846004486084,0.2724153697490692
1.56294,0.6373836994171143,0.3626163601875305
1.55319,0.7227830290794373,0.27721700072288513
1.55579,0.6255786418914795,0.3744213283061981
1.55398,0.7792404890060425,0.22075940668582916
1.55197,0.6317058205604553,0.36829420924186707
1.5553,0.6919606328010559,0.3080393970012665
1.55656,0.6613931059837341,0.33860695362091064
1.56572,0.6037349104881287,0.39626505970954895
1.56937,0.6501308679580688,0.3498690724372864
1.56337,0.6243576407432556,0.3756423592567444
1.56791,0.6436676383018494,0.35633233189582825
1.57055,0.8042742013931274,0.19572582840919495
1.58879,0.6269895434379578,0.37301045656204224
1.58893,0.6073548197746277,0.3926451504230499
1.5856,0.6300243735313416,0.36997559666633606
1.59081,0.7022991180419922,0.2977008819580078
1.59776,0.7067489624023438,0.293251097202301
1.60016,0.6050058007240295,0.39499416947364807
1.59198,0.6085068583488464,0.39149317145347595
1.59284,0.7611744999885559,0.23882551491260529
1.59161,0.685200035572052,0.3147999346256256
1.60121,0.7605560421943665,0.23944395780563354
1.61347,0.6986624002456665,0.3013375401496887
1.60843,0.7652695178985596,0.234730526804924
1.60666,0.7331093549728394,0.26689064502716064
1.60227,0.7021026611328125,0.2978973090648651
1.60549,0.6007050275802612,0.39929497241973877
1.58397,0.6144607067108154,0.38553932309150696
1.57632,0.5875783562660217,0.4124216139316559
1.587,0.5985114574432373,0.4014885723590851
1.60207,0.6333350539207458,0.36666497588157654
1.60452,0.705978274345398,0.29402169585227966
1.60026,0.6441718935966492,0.35582807660102844
1.58599,0.6864328980445862,0.31356707215309143
1.57476,0.672437846660614,0.3275621235370636
1.56467,0.7750934362411499,0.2249065637588501
1.56272,0.7652413845062256,0.23475861549377441
1.56141,0.7019697427749634,0.2980302572250366
1.54988,0.720373809337616,0.2796262502670288
1.5662,0.6868578195571899,0.31314218044281006
1.55863,0.6942792534828186,0.3057207763195038
1.55966,0.7482722401618958,0.25172773003578186
1.55833,0.7740857601165771,0.22591425478458405
1.55448,0.7230835556983948,0.27691650390625
1.56064,0.6738372445106506,0.3261626958847046
1.55582,0.7041521668434143,0.2958478629589081
1.55508,0.5799438953399658,0.42005613446235657
1.54678,0.6626167893409729,0.3373831510543823
1.54062,0.5956945419311523,0.40430548787117004
1.54279,0.7237856984138489,0.27621427178382874
1.54019,0.6711927652359009,0.3288072645664215
1.5468,0.7096468210220337,0.2903532087802887
1.55067,0.622058093547821,0.37794196605682373
1.54497,0.7451714277267456,0.2548286020755768
1.53448,0.7430170178413391,0.2569830119609833
1.5275,0.7225953936576843,0.2774045765399933
1.53024,0.7512544989585876,0.24874542653560638
1.52795,0.6642765998840332,0.3357234001159668
1.52471,0.7441483736038208,0.2558516263961792
1.53264,0.7924402952194214,0.207559734582901
1.53125,0.6995344161987305,0.30046555399894714
1.52801,0.8318905830383301,0.16810941696166992
1.52587,0.8052602410316467,0.19473975896835327
1.5226,0.6648422479629517,0.3351577818393707
1.519,0.7095625400543213,0.2904374599456787
1.51489,0.6464537382125854,0.35354626178741455
1.52394,0.6179200410842896,0.3820798993110657
1.52404,0.7016847729682922,0.29831522703170776
1.51536,0.7591190934181213,0.2408808469772339
1.50722,0.6816138625144958,0.31838616728782654
1.49893,0.6534960865974426,0.346503883600235
1.4872,0.7202566266059875,0.27974337339401245
1.48639,0.7030477523803711,0.2969522178173065
1.49075,0.7057873606681824,0.2942126393318176
1.50776,0.6773529052734375,0.3226470947265625
1.50611,0.6869654655456543,0.3130345642566681
1.50881,0.6606884598731995,0.3393115699291229
1.50771,0.6947909593582153,0.30520907044410706
1.50454,0.6230682134628296,0.3769317865371704
1.50033,0.6077646613121033,0.39223533868789673
1.50558,0.6433457136154175,0.3566542863845825
1.50454,0.6069526672363281,0.3930472731590271
1.50892,0.5352022647857666,0.464797705411911
1.50612,0.6317790746688843,0.3682209849357605
1.51155,0.6443004012107849,0.3556995689868927
1.52305,0.6154366731643677,0.3845633268356323
1.52472,0.6977978348731995,0.30220213532447815
1.51555,0.6971445679664612,0.3028554916381836
1.50861,0.7202579379081726,0.2797420024871826
1.50599,0.7508416175842285,0.24915844202041626
1.51552,0.7583774328231812,0.24162253737449646
1.51088,0.7304795384407043,0.26952043175697327
1.51347,0.7019208073616028,0.29807916283607483
1.50838,0.665305495262146,0.33469444513320923
1.51339,0.701350748538971,0.29864928126335144
1.50941,0.7238008975982666,0.276199072599411
1.50108,0.6406829953193665,0.35931703448295593
1.50502,0.7312411665916443,0.2687588334083557
1.50538,0.6873648762702942,0.3126351833343506
1.53326,0.6581414937973022,0.34185856580734253
1.52444,0.7473406791687012,0.2526593506336212
1.51787,0.6674063801765442,0.3325936794281006
1.51855,0.637898862361908,0.3621011972427368
1.51336,0.7442660927772522,0.2557338774204254
1.50652,0.7484689354896545,0.25153103470802307
1.50145,0.6747217178344727,0.3252783417701721
1.49975,0.5937070846557617,0.40629294514656067
1.50322,0.6346918940544128,0.36530813574790955
1.4996,0.6961049437522888,0.3038950562477112
1.50125,0.6765561103820801,0.3234438896179199
1.50282,0.6950696706771851,0.30493029952049255
1.50241,0.6802558898925781,0.3197441101074219
1.48552,0.7047449946403503,0.29525500535964966
1.47642,0.7035412192344666,0.2964588403701782
1.47672,0.80854731798172,0.19145268201828003
1.47577,0.7614836692810059,0.23851630091667175
1.48015,0.7297778129577637,0.27022215723991394
1.47576,0.6541223526000977,0.3458777070045471
1.47808,0.6986185312271118,0.30138152837753296
1.49327,0.5731871128082275,0.4268128275871277
1.49524,0.6400173306465149,0.3599827289581299
1.50249,0.7029197216033936,0.29708024859428406
1.49394,0.7384942770004272,0.261505663394928
1.48318,0.5306030511856079,0.4693969786167145
1.49674,0.5913901925086975,0.4086098074913025
1.51253,0.6589203476905823,0.3410796523094177
1.49069,0.6535818576812744,0.3464181423187256
1.4856,0.6249704957008362,0.3750295042991638
1.48465,0.6552162766456604,0.3447836637496948
1.47883,0.5733989477157593,0.4266011118888855
1.47016,0.7915270924568176,0.20847292244434357
1.47279,0.7029277086257935,0.29707232117652893
1.47614,0.6857615113258362,0.3142384886741638
1.46968,0.7212928533554077,0.2787071466445923
1.47603,0.7822279930114746,0.21777202188968658
1.47733,0.7189658284187317,0.2810341715812683
1.47805,0.567725658416748,0.43227434158325195
1.47401,0.7049894332885742,0.2950105369091034
1.46266,0.6057090163230896,0.3942910432815552
1.47167,0.6487354040145874,0.3512645363807678
1.46721,0.6354091763496399,0.3645908534526825
1.46667,0.7759911417961121,0.22400891780853271
1.46891,0.6800498366355896,0.3199501633644104
1.47129,0.6785492897033691,0.321450799703598
1.46473,0.6272205710411072,0.3727794289588928
1.46501,0.7859925627708435,0.21400755643844604
1.45667,0.6770261526107788,0.3229738175868988
1.46592,0.7533289790153503,0.24667108058929443
1.46964,0.6370273232460022,0.3629726767539978
1.47206,0.5519012808799744,0.44809871912002563
1.46588,0.626763641834259,0.3732363283634186
1.47402,0.7173839211463928,0.28261610865592957
1.46812,0.5934569835662842,0.4065430462360382
1.45002,0.6483041644096375,0.35169586539268494
1.44942,0.6135452389717102,0.3864547610282898
1.44634,0.6458870768547058,0.3541129231452942
1.45795,0.5509738922119141,0.4490261375904083
1.44738,0.5113359093666077,0.48866409063339233
1.45877,0.6625497937202454,0.337450236082077
1.45666,0.7544698119163513,0.2455301284790039
1.45901,0.5752145648002625,0.4247855246067047
1.47436,0.7312555313110352,0.26874443888664246
1.47663,0.610016942024231,0.38998305797576904
1.46644,0.6880485415458679,0.3119513988494873
1.4869,0.5481563210487366,0.4518437087535858
1.5015,0.6334580779075623,0.36654195189476013
1.49789,0.7177935242652893,0.2822064161300659
1.49833,0.7208214402198792,0.27917852997779846
1.48302,0.6397390365600586,0.3602610230445862
1.47704,0.6043640971183777,0.3956359028816223
1.482,0.7172896265983582,0.28271037340164185
1.47835,0.6373945474624634,0.36260542273521423
1.48337,0.668874979019165,0.33112505078315735
1.47801,0.7903565764427185,0.2096434086561203
1.48697,0.6113351583480835,0.3886648416519165
1.48696,0.6890203356742859,0.3109796643257141
1.49704,0.6480146646499634,0.3519853353500366
1.49856,0.5637887120246887,0.4362112581729889
1.49437,0.6792874336242676,0.32071253657341003
1.4992,0.6629087924957275,0.33709120750427246
1.4932,0.6667078733444214,0.333292156457901
1.48974,0.5598300099372864,0.440170019865036
1.49502,0.622367799282074,0.37763217091560364
1.48736,0.6062754392623901,0.39372459053993225
1.49324,0.6116085052490234,0.38839149475097656
1.48951,0.6859074831008911,0.3140925467014313
1.48172,0.71470046043396,0.2852995693683624
1.47858,0.5918230414390564,0.4081769585609436
1.45723,0.6027057766914368,0.39729419350624084
1.46625,0.6739066243171692,0.3260933756828308
1.46072,0.7056686878204346,0.2943313717842102
1.45691,0.6375510096549988,0.3624490201473236
1.456,0.7251518964767456,0.2748481035232544
1.45975,0.7312685251235962,0.2687314748764038
1.46451,0.6920982599258423,0.3079017996788025
1.45285,0.7000566124916077,0.29994338750839233
1.459,0.5445718169212341,0.45542818307876587
1.45709,0.6372649073600769,0.3627350628376007
1.44332,0.73539799451828,0.26460200548171997
1.45068,0.7754538655281067,0.22454605996608734
1.4561,0.7807633280754089,0.21923673152923584
1.48133,0.49703195691108704,0.5029680728912354
1.46902,0.6482893228530884,0.351710706949234
1.45792,0.65572589635849,0.34427401423454285
1.48215,0.6869227886199951,0.31307727098464966
1.47104,0.5191390514373779,0.4808608889579773
1.46856,0.6459532976150513,0.3540467619895935
1.47799,0.6545502543449402,0.3454497456550598
1.47887,0.6924387812614441,0.3075611889362335
1.48698,0.6947973966598511,0.3052026033401489
1.48325,0.6567912697792053,0.34320876002311707
1.49422,0.5628353953361511,0.4371645748615265
1.48181,0.5591408014297485,0.44085922837257385
1.47665,0.6493961811065674,0.3506038188934326
1.47551,0.6111230850219727,0.38887688517570496
1.48834,0.6129426956176758,0.3870573341846466
1.47761,0.6777236461639404,0.32227644324302673
1.47474,0.5028720498085022,0.4971279799938202
1.47037,0.6271095275878906,0.3728904724121094
1.4775,0.6100376844406128,0.3899623155593872
1.48354,0.7265923619270325,0.2734076678752899
1.48333,0.6276984214782715,0.37230154871940613
1.49203,0.6936374306678772,0.3063625991344452
1.50465,0.8143276572227478,0.1856723129749298
1.51355,0.7030339241027832,0.2969661355018616
1.5206,0.6830305457115173,0.31696948409080505
1.51673,0.6355939507484436,0.3644060790538788
1.51733,0.7880046367645264,0.21199536323547363
1.52125,0.6171841025352478,0.3828158974647522
1.51554,0.6756460666656494,0.32435399293899536
1.5166,0.7856603264808655,0.2143397033214569
1.50507,0.854457676410675,0.14554239809513092
1.50035,0.6946688294410706,0.30533117055892944
1.50043,0.7545340657234192,0.2454659342765808
1.51189,0.698646605014801,0.30135342478752136
1.50418,0.6734815835952759,0.3265184760093689
1.51183,0.6347013115882874,0.36529871821403503
1.51714,0.5472347140312195,0.45276525616645813
1.51382,0.68805330991745,0.31194669008255005
1.51171,0.6512877941131592,0.3487122058868408
1.51638,0.741197407245636,0.2588025629520416
1.51007,0.6549171805381775,0.3450828492641449
1.49674,0.5137754082679749,0.48622462153434753
1.49432,0.7157427072525024,0.28425726294517517
1.48873,0.6356664896011353,0.3643335700035095
1.48624,0.7473835349082947,0.2526165246963501
1.49143,0.7182198166847229,0.2817801535129547
1.49644,0.5638818144798279,0.4361181855201721
1.49664,0.6928369998931885,0.3071630895137787
1.50991,0.7334892153739929,0.26651084423065186
1.49513,0.7414632439613342,0.25853681564331055
1.49829,0.6823337078094482,0.3176663815975189
1.49209,0.7026933431625366,0.29730671644210815
1.48336,0.6543217301368713,0.34567832946777344
1.48253,0.7237185835838318,0.2762814462184906
1.48522,0.7112505435943604,0.28874948620796204
1.48343,0.633236289024353,0.36676374077796936
1.46863,0.6279228329658508,0.37207716703414917
1.44267,0.7334073781967163,0.2665925920009613
1.44283,0.6311960220336914,0.36880403757095337
1.44429,0.7365727424621582,0.2634272873401642
1.43587,0.6904956102371216,0.3095044195652008
1.41798,0.5842958688735962,0.4157041609287262
1.40976,0.7159443497657776,0.28405559062957764
1.41545,0.7315309643745422,0.2684689462184906
1.41298,0.6351685523986816,0.3648313879966736
1.41335,0.6893970370292664,0.3106030225753784
1.41179,0.6047343611717224,0.3952655792236328
1.4146,0.7191682457923889,0.2808317542076111
1.42806,0.6703484654426575,0.3296515643596649
1.43295,0.6262531876564026,0.3737468123435974
1.43075,0.6482223868370056,0.3517776429653168
1.42773,0.5326998829841614,0.46730008721351624
1.41395,0.6475345492362976,0.3524654507637024
1.42489,0.6369357109069824,0.36306434869766235
1.43516,0.5943059325218201,0.40569400787353516
1.44714,0.6975831389427185,0.3024168610572815
1.4538,0.6842194199562073,0.3157805800437927
1.44231,0.7239739298820496,0.2760260999202728
1.43987,0.5781609416007996,0.4218390882015228
1.4391,0.6801108121871948,0.3198891878128052
1.44367,0.6281103491783142,0.371889591217041
1.43189,0.6743236184120178,0.3256763815879822
1.42841,0.6823968291282654,0.3176031708717346
1.43498,0.6433065533638,0.35669347643852234
1.42682,0.7110587954521179,0.2889412045478821
1.43008,0.6384837627410889,0.3615162670612335
1.43264,0.5517706871032715,0.4482293128967285
1.43496,0.6598188877105713,0.3401811420917511
1.42875,0.6458480954170227,0.3541519045829773
1.42228,0.6713874936103821,0.3286125361919403
1.417,0.6427898406982422,0.3572101891040802
1.41872,0.5638324618339539,0.43616750836372375
1.41851,0.6498156189918518,0.35018444061279297
1.40698,0.6355823874473572,0.3644176423549652
1.40607,0.5721691250801086,0.42783087491989136
1.40722,0.5852841734886169,0.41471579670906067
1.39586,0.7097628712654114,0.29023709893226624
1.37992,0.5544717311859131,0.4455282986164093
1.38569,0.6713901162147522,0.3286098539829254
1.38918,0.6359294652938843,0.3640705347061157
1.38509,0.6799401640892029,0.32005980610847473
1.39114,0.6453567147254944,0.3546432554721832
1.38751,0.6025941371917725,0.39740583300590515
1.39419,0.6712740659713745,0.3287259340286255
1.38496,0.7275583148002625,0.27244165539741516
1.38274,0.5186254382133484,0.481374591588974
1.385,0.6003061532974243,0.3996938467025757
1.38992,0.5934586524963379,0.4065413177013397
1.39956,0.6641361713409424,0.33586379885673523
1.40536,0.629785418510437,0.370214581489563
1.40771,0.6768400073051453,0.32315996289253235
1.40542,0.6279799342155457,0.37202003598213196
1.4024,0.6667184233665466,0.33328163623809814
1.40165,0.6675130128860474,0.332487016916275
1.40413,0.7660863995552063,0.23391366004943848
1.40792,0.6893525123596191,0.31064748764038086
1.40331,0.5923169255256653,0.40768301486968994
1.40471,0.7001414895057678,0.29985854029655457
1.39815,0.638782262802124,0.361217737197876
1.40467,0.6649825572967529,0.33501744270324707
1.41188,0.7387270927429199,0.26127293705940247
1.42419,0.6851286888122559,0.31487134099006653
1.42291,0.6596360802650452,0.34036391973495483
1.41986,0.7428128719329834,0.2571870982646942
1.41067,0.7762033939361572,0.22379657626152039
1.39717,0.6125733852386475,0.38742658495903015
1.39731,0.6017734408378601,0.3982265889644623
1.39314,0.6800224781036377,0.3199775218963623
1.3952,0.7414940595626831,0.2585059404373169
1.3949,0.6069615483283997,0.39303845167160034
1.39704,0.7702316641807556,0.229768306016922
1.39883,0.5841116309165955,0.41588830947875977
1.39206,0.7422131896018982,0.2577868103981018
1.40267,0.586344301700592,0.41365569829940796
1.39495,0.5853384733200073,0.4146614968776703
1.39744,0.6786532402038574,0.3213467597961426
1.40636,0.5968866348266602,0.40311330556869507
1.41215,0.5934091210365295,0.40659087896347046
1.41688,0.7157960534095764,0.2842039167881012
1.41172,0.6526661515235901,0.3473338186740875
1.41989,0.6249653100967407,0.3750346302986145
1.4122,0.5513636469841003,0.44863638281822205
1.41351,0.5244598388671875,0.4755401611328125
1.40694,0.6758846640586853,0.3241153061389923
1.40147,0.6483546495437622,0.3516453802585602
1.38877,0.691288411617279,0.3087114989757538
1.39433,0.7186225652694702,0.2813774347305298
1.39139,0.6389815807342529,0.36101841926574707
1.38935,0.6686851382255554,0.3313148319721222
1.39808,0.5749432444572449,0.4250567853450775
1.3956,0.5970925688743591,0.40290743112564087
1.39673,0.5666459202766418,0.43335410952568054
1.38882,0.7935265898704529,0.2064734250307083
1.40082,0.621351957321167,0.378648042678833
1.42273,0.5977687239646912,0.40223127603530884
1.42294,0.7146650552749634,0.2853349447250366
1.42739,0.6621939539909363,0.3378060460090637
1.41502,0.6312887072563171,0.3687112331390381
1.41906,0.661469578742981,0.3385304808616638
1.42293,0.595173180103302,0.404826819896698
1.43031,0.6638243198394775,0.3361756503582001
1.42273,0.6012733578681946,0.3987267017364502
1.43026,0.5887376666069031,0.4112623333930969
1.42378,0.5564132332801819,0.44358670711517334
1.42388,0.670842170715332,0.32915788888931274
1.42803,0.5970816016197205,0.40291839838027954
1.42663,0.5339983105659485,0.4660016596317291
1.42751,0.6076653003692627,0.3923346698284149
1.43702,0.7360761761665344,0.26392385363578796
1.43756,0.6702365279197693,0.32976341247558594
1.44277,0.571481466293335,0.42851850390434265
1.45529,0.609749436378479,0.390250563621521
1.46739,0.575009286403656,0.4249907433986664
1.46624,0.6404464840888977,0.35955357551574707
1.46454,0.7569023370742798,0.24309760332107544
1.46366,0.5989788174629211,0.40102118253707886
1.47642,0.6828314065933228,0.31716853380203247
1.49071,0.6544716358184814,0.34552833437919617
1.48761,0.5797244310379028,0.4202755093574524
1.48607,0.6020985245704651,0.3979015052318573
1.47985,0.6411235332489014,0.35887646675109863
1.4716,0.679986834526062,0.320013165473938
1.46646,0.751377522945404,0.24862253665924072
1.45921,0.688742995262146,0.31125694513320923
1.45933,0.6910737156867981,0.3089263141155243
1.4539,0.6644675135612488,0.33553245663642883
1.45099,0.6742216348648071,0.32577836513519287
1.44653,0.6663349270820618,0.33366507291793823
1.44523,0.6240978240966797,0.3759021759033203
1.44047,0.6414734125137329,0.3585265874862671
1.43915,0.6689528822898865,0.3310471773147583
1.44392,0.6522912383079529,0.3477087616920471
1.44021,0.6224049925804138,0.3775949776172638
1.45885,0.6133058667182922,0.38669419288635254
1.46168,0.5419368147850037,0.4580632150173187
1.46374,0.677711546421051,0.3222884237766266
1.46717,0.7200164198875427,0.2799835801124573
1.48413,0.5940777659416199,0.40592220425605774
1.47362,0.6137703061103821,0.3862296938896179
1.47773,0.66522216796875,0.33477783203125
1.47777,0.7237851619720459,0.2762148678302765
1.47059,0.6485612392425537,0.3514387309551239
1.47153,0.6260310411453247,0.3739689588546753
1.47527,0.6320458054542542,0.36795416474342346
1.4656,0.6532419323921204,0.34675800800323486
1.4806,0.6394715905189514,0.3605284094810486
1.48795,0.6547815799713135,0.3452184200286865
1.47332,0.7011253833770752,0.29887473583221436
1.46214,0.6568501591682434,0.3431498110294342
1.46388,0.6600695252418518,0.3399305045604706
1.47061,0.570416271686554,0.42958369851112366
1.47549,0.7613853812217712,0.23861464858055115
1.46978,0.6625148057937622,0.33748525381088257
1.47911,0.574030339717865,0.4259696900844574
1.48384,0.5367023944854736,0.4632975161075592
1.47601,0.6815433502197266,0.3184566795825958
1.46538,0.593043327331543,0.40695661306381226
1.45983,0.6588553190231323,0.3411446213722229
1.456,0.6541293859481812,0.34587064385414124
1.44772,0.5616472959518433,0.43835267424583435
1.44535,0.5501804351806641,0.44981956481933594
1.44143,0.7537716031074524,0.2462284117937088
1.44498,0.6838411688804626,0.3161587715148926
1.4663,0.7353571057319641,0.26464295387268066
1.4627,0.5777249932289124,0.42227500677108765
1.45934,0.6919462084770203,0.3080538511276245
1.45607,0.6467188000679016,0.3532811999320984
1.45152,0.6674759984016418,0.33252403140068054
1.45761,0.6962968707084656,0.3037031888961792
1.45607,0.6358795762062073,0.36412039399147034
1.46053,0.8040518760681152,0.19594806432724
1.4649,0.6250749230384827,0.37492507696151733
1.45342,0.62775057554245,0.37224942445755005
1.44963,0.6889880299568176,0.3110119104385376
1.45091,0.6403951048851013,0.35960495471954346
1.45009,0.7175491452217102,0.28245091438293457
1.44533,0.5234493613243103,0.4765505790710449
1.44556,0.6259263157844543,0.37407365441322327
1.44571,0.636243462562561,0.3637564778327942
1.45963,0.7070594429969788,0.29294052720069885
1.45794,0.6792278289794922,0.3207721412181854
1.45895,0.6217260360717773,0.37827396392822266
1.4575,0.688224196434021,0.3117758631706238
1.44945,0.5627050995826721,0.43729493021965027
1.45694,0.6123790144920349,0.3876209557056427
1.47049,0.6672050952911377,0.3327949345111847
1.46553,0.5676321983337402,0.4323677718639374
1.45458,0.6635153889656067,0.3364846408367157
1.45706,0.620780348777771,0.3792196214199066
1.45658,0.6759559512138367,0.32404401898384094
1.44756,0.727852463722229,0.2721475660800934
1.45284,0.6496932506561279,0.35030680894851685
1.43697,0.5575605034828186,0.44243955612182617
1.44232,0.6187555193901062,0.3812444806098938
1.43948,0.7032464742660522,0.2967536151409149
1.43481,0.698822021484375,0.3011779487133026
1.43431,0.594218373298645,0.4057815968990326
1.4271,0.701225221157074,0.29877474904060364
1.4331,0.6984124779701233,0.3015875220298767
1.44055,0.7368994951248169,0.2631005644798279
1.44313,0.7514524459838867,0.24854758381843567
1.45022,0.6529476046562195,0.3470524251461029
1.43625,0.2800954580307007,0.7199046015739441
1.43866,0.5647561550140381,0.4352438747882843
1.43785,0.5835056900978088,0.4164942800998688
1.43793,0.6201176047325134,0.37988242506980896
1.43251,0.6003238558769226,0.3996761441230774
1.43393,0.768758237361908,0.23124171793460846
1.43774,0.732636034488678,0.267363965511322
1.44001,0.6975537538528442,0.30244627594947815
1.44214,0.7048304677009583,0.29516956210136414
1.43969,0.6310511231422424,0.36894893646240234
1.44266,0.7918049097061157,0.20819507539272308
1.45379,0.6166847944259644,0.38331517577171326
1.45137,0.7772336602210999,0.2227664291858673
1.44133,0.6772369742393494,0.3227630853652954
1.4487,0.6637688875198364,0.3362310826778412
1.44863,0.6256732940673828,0.3743267357349396
1.45483,0.6508969664573669,0.3491031229496002
1.45354,0.714039146900177,0.2859608232975006
1.44212,0.7650497555732727,0.23495028913021088
1.44788,0.7114819884300232,0.2885180413722992
1.43293,0.7398322820663452,0.2601676881313324
1.43951,0.6649287343025208,0.335071325302124
1.44694,0.6546832323074341,0.3453167974948883
1.44801,0.6893005967140198,0.3106994032859802
1.45572,0.6328709125518799,0.3671290874481201
1.46599,0.6932348012924194,0.30676519870758057
1.46116,0.697549045085907,0.3024510145187378
1.46247,0.6698117852210999,0.33018824458122253
1.45601,0.7563648819923401,0.2436351180076599
1.45404,0.5979128479957581,0.40208712220191956
1.44364,0.7231044769287109,0.27689552307128906
1.45243,0.6667640209197998,0.3332360088825226
1.45365,0.7352346777915955,0.2647654116153717
1.46195,0.8047890067100525,0.1952110081911087
1.47384,0.6521724462509155,0.3478275537490845
1.46888,0.5591410398483276,0.44085898995399475
1.46606,0.7212094664573669,0.27879059314727783
1.46082,0.685948371887207,0.3140515983104706
1.46037,0.6863766312599182,0.31362342834472656
1.45894,0.7085896134376526,0.2914104163646698
1.45895,0.6423336863517761,0.3576662838459015
1.46108,0.7127050161361694,0.2872949242591858
1.46884,0.64851313829422,0.3514869213104248
1.46843,0.7291499376296997,0.2708500921726227
1.47485,0.6363170742988586,0.36368292570114136
1.46805,0.742577075958252,0.25742289423942566
1.46612,0.7665587663650513,0.23344118893146515
1.4777,0.6772171258926392,0.32278284430503845
1.4615,0.6830264329910278,0.31697359681129456
1.4438,0.6201983094215393,0.37980177998542786
1.435,0.6351118087768555,0.36488813161849976
1.42515,0.6608828902244568,0.3391171395778656
1.42573,0.7077452540397644,0.2922546863555908
1.4243,0.6768773794174194,0.32312262058258057
1.42839,0.712931215763092,0.28706881403923035
1.41663,0.7425757050514221,0.2574242651462555
1.43628,0.6690559983253479,0.3309439718723297
1.43009,0.7366600632667542,0.26333993673324585
1.44138,0.6286014914512634,0.3713984191417694
1.44679,0.6175419688224792,0.3824581205844879
1.45211,0.7001136541366577,0.2998863458633423
1.44576,0.6356613039970398,0.3643386960029602
1.44262,0.7428083419799805,0.2571916878223419
1.4544,0.6585951447486877,0.34140488505363464
1.47251,0.5949452519416809,0.4050547480583191
1.47619,0.7063000202178955,0.2936999499797821
1.4951,0.6560959815979004,0.34390395879745483
1.4917,0.7455068230628967,0.2544931471347809
1.49589,0.7456512451171875,0.2543487846851349
1.48879,0.5943223834037781,0.40567755699157715
1.4792,0.7386769652366638,0.26132309436798096
1.47728,0.6209828853607178,0.3790171444416046
1.46987,0.6923077702522278,0.30769219994544983
1.47513,0.7278791069984436,0.272120863199234
1.47589,0.5574762225151062,0.442523717880249
1.47937,0.7252784371376038,0.27472150325775146
1.4798,0.6072782874107361,0.3927217423915863
1.4775,0.4972647726535797,0.5027351975440979
1.46376,0.7903382182121277,0.20966170728206635
1.47138,0.4576985538005829,0.5423014760017395
1.46329,0.6480395793914795,0.3519603908061981
1.46922,0.6080615520477295,0.3919384181499481
1.47228,0.6981709003448486,0.30182915925979614
1.48265,0.6068050861358643,0.39319485425949097
1.47294,0.5488789677619934,0.451121062040329
1.4707,0.6074819564819336,0.3925180733203888
1.49072,0.6724460124969482,0.3275538682937622
1.45653,0.5608136057853699,0.4391864240169525
1.47692,0.5137861371040344,0.4862138330936432
1.46386,0.602667510509491,0.3973325490951538
1.4627,0.6143841743469238,0.3856157660484314
1.46862,0.5006183981895447,0.49938157200813293
1.45942,0.6263533234596252,0.37364664673805237
1.4584,0.6211860775947571,0.37881386280059814
1.47279,0.6631284356117249,0.33687156438827515
1.47443,0.5714293122291565,0.4285707175731659
1.49233,0.7499953508377075,0.25000467896461487
1.5094,0.623894453048706,0.37610551714897156
1.51913,0.7156246900558472,0.28437530994415283
1.51192,0.6910970211029053,0.3089029788970947
1.52967,0.6107123494148254,0.38928771018981934
1.525,0.6087522506713867,0.3912477195262909
1.52327,0.747004508972168,0.2529955506324768
1.54415,0.6779168248176575,0.32208317518234253
1.54403,0.5767381191253662,0.4232617914676666
1.55574,0.5879568457603455,0.41204318404197693
1.57408,0.5788480043411255,0.42115193605422974
1.57062,0.6361458897590637,0.36385416984558105
1.56599,0.591926634311676,0.40807339549064636
1.56019,0.7229635715484619,0.2770364284515381
1.55,0.6148075461387634,0.38519251346588135
1.54045,0.643858790397644,0.35614123940467834
1.52808,0.6979180574417114,0.3020818829536438
1.53455,0.7311509847640991,0.26884904503822327
1.51912,0.6146608591079712,0.38533908128738403
1.51005,0.7022572755813599,0.2977427542209625
1.53506,0.6456451416015625,0.3543548583984375
1.53631,0.7644089460372925,0.23559103906154633
1.53409,0.6723247170448303,0.3276752531528473
1.55058,0.6801609396934509,0.31983909010887146
1.52277,0.6114317774772644,0.3885682225227356
1.55091,0.7123655080795288,0.2876344919204712
1.58008,0.5827637910842896,0.41723617911338806
1.59026,0.5912679433822632,0.4087321162223816
1.58442,0.6357114911079407,0.3642885386943817
1.58344,0.7226042151451111,0.27739572525024414
1.55864,0.7830168008804321,0.21698325872421265
1.56065,0.728685200214386,0.2713148593902588
1.5481,0.634728193283081,0.36527180671691895
1.54429,0.5574466586112976,0.4425532817840576
1.54581,0.735744297504425,0.2642556428909302
1.54209,0.6518234610557556,0.3481765389442444
1.51668,0.634270429611206,0.36572954058647156
1.50324,0.6583388447761536,0.34166115522384644
1.50809,0.6001265645027161,0.39987337589263916
1.50068,0.5908835530281067,0.4091164767742157
1.50136,0.6504658460617065,0.34953415393829346
1.51646,0.6941284537315369,0.3058716356754303
1.51167,0.642216145992279,0.35778382420539856
1.52539,0.5357357859611511,0.46426424384117126
1.50951,0.6495459079742432,0.3504541218280792
1.5158,0.5829145908355713,0.4170854389667511
1.51044,0.608953058719635,0.3910469710826874
1.5243,0.6869061589241028,0.3130938708782196
1.52312,0.6169844269752502,0.38301557302474976
1.5143,0.6075496077537537,0.39245033264160156
1.50964,0.5810940861701965,0.4189058542251587
1.50074,0.6009053587913513,0.3990946412086487
1.50157,0.6607646942138672,0.33923524618148804
1.5095,0.5842403769493103,0.4157596230506897
1.50961,0.623508870601654,0.37649115920066833
1.49158,0.6664651036262512,0.3335348665714264
1.49452,0.5092254281044006,0.49077460169792175
1.47943,0.6426013112068176,0.3573986887931824
1.46337,0.5288100838661194,0.471189945936203
1.45299,0.6011238694190979,0.3988761305809021
1.4588,0.719958484172821,0.28004154562950134
1.4163,0.6018873453140259,0.3981126546859741
1.41901,0.6507784128189087,0.3492216169834137
1.41061,0.5122831463813782,0.4877168536186218
1.41406,0.6151555180549622,0.38484445214271545
1.40939,0.6177582144737244,0.38224178552627563
1.41149,0.6535829901695251,0.34641706943511963
1.41602,0.6602365374565125,0.33976343274116516
1.42073,0.6397071480751038,0.360292911529541
1.41878,0.6643657088279724,0.33563438057899475
1.42639,0.669162392616272,0.33083757758140564
1.41891,0.6397801041603088,0.36021992564201355
1.41762,0.5620250701904297,0.4379749596118927
1.42421,0.5679439306259155,0.4320560395717621
1.43225,0.5718927979469299,0.4281071722507477
1.43626,0.5880423188209534,0.41195765137672424
1.42608,0.5475335717201233,0.45246636867523193
1.4234,0.6954072713851929,0.30459269881248474
1.42822,0.5536074042320251,0.44639256596565247
1.42616,0.6799505352973938,0.3200494945049286
1.43256,0.6678822636604309,0.3321177661418915
1.42902,0.6345084309577942,0.3654915392398834
1.43214,0.6308740377426147,0.36912596225738525
1.44279,0.7371765971183777,0.2628234624862671
1.43805,0.7066727876663208,0.2933272123336792
1.44615,0.6570995450019836,0.3429003953933716
1.44187,0.5757594108581543,0.4242405891418457
1.46452,0.6298926472663879,0.37010735273361206
1.45541,0.5782378911972046,0.4217621088027954
1.44648,0.5485771894454956,0.4514228105545044
1.45469,0.591675877571106,0.40832412242889404
1.48924,0.6656804084777832,0.3343195915222168
1.47431,0.6721586585044861,0.3278413414955139
1.47446,0.6593963503837585,0.34060367941856384
1.46298,0.6703567504882812,0.329643189907074
1.46392,0.7253193259239197,0.2746807038784027
1.48346,0.5736123919487,0.4263876676559448
1.48284,0.6686379909515381,0.33136194944381714
1.47634,0.658893883228302,0.3411060869693756
1.46738,0.6881450414657593,0.3118549585342407
1.46838,0.6786397099494934,0.32136034965515137
1.46715,0.8004788756370544,0.19952110946178436
1.46878,0.728836178779602,0.27116382122039795
1.46462,0.593650758266449,0.406349241733551
1.47159,0.7297866344451904,0.27021345496177673
1.48212,0.6663864254951477,0.3336135447025299
1.48868,0.6494141221046448,0.35058581829071045
1.5107,0.7283948659896851,0.27160516381263733
1.50426,0.6395714282989502,0.3604285418987274
1.49024,0.599896252155304,0.40010377764701843
1.49059,0.5599035024642944,0.44009652733802795
1.49083,0.5993838906288147,0.4006161093711853
1.47732,0.6320171356201172,0.3679828941822052
1.48188,0.6564013957977295,0.3435986042022705
1.49208,0.7384212017059326,0.2615787982940674
1.50308,0.6902015805244446,0.3097984194755554
1.48731,0.6649254560470581,0.3350745737552643
1.49293,0.6705333590507507,0.3294665813446045
1.49946,0.6672897934913635,0.3327102065086365
1.49998,0.5986124873161316,0.4013875722885132
1.49303,0.57398921251297,0.42601078748703003
1.48943,0.6888530850410461,0.31114688515663147
1.4801,0.7544695734977722,0.24553044140338898
1.48565,0.6366267800331116,0.3633732199668884
1.47789,0.734157919883728,0.26584210991859436
1.46639,0.6942664384841919,0.3057335913181305
1.48832,0.8418683409690857,0.15813161432743073
1.49652,0.7088331580162048,0.29116684198379517
1.47442,0.6205931901931763,0.3794068396091461
1.47388,0.597143292427063,0.402856707572937
1.48346,0.7944154143333435,0.20558463037014008
1.5072,0.6407566666603088,0.359243243932724
1.5363,0.6422897577285767,0.35771024227142334
1.54095,0.6363644003868103,0.3636356294155121
1.49899,0.703992486000061,0.29600754380226135
1.46951,0.6426360011100769,0.3573639988899231
1.45912,0.6796033978462219,0.32039666175842285
1.43957,0.653016209602356,0.3469838500022888
1.4502,0.6422640681266785,0.35773593187332153
1.45069,0.6194557547569275,0.3805443346500397
1.45756,0.6605614423751831,0.3394385576248169
1.44723,0.7147931456565857,0.28520679473876953
1.44676,0.6932201981544495,0.30677977204322815
1.4337,0.680834949016571,0.31916505098342896
1.43713,0.6250567436218262,0.374943345785141
1.43245,0.6724738478660583,0.32752612233161926
1.43662,0.661436140537262,0.3385639190673828
1.43642,0.589292049407959,0.41070792078971863
1.44059,0.7006976008415222,0.29930242896080017
1.43516,0.6805830597877502,0.319416880607605
1.42159,0.7010077238082886,0.2989923655986786
1.42252,0.6816226243972778,0.31837743520736694
1.43028,0.6747866868972778,0.325213223695755
1.44521,0.6764066219329834,0.3235934376716614
1.42882,0.6911848783493042,0.30881521105766296
1.43084,0.6535128951072693,0.3464871048927307
1.4239,0.734682023525238,0.2653179466724396
1.41563,0.5766130089759827,0.4233870208263397
1.40752,0.3906424939632416,0.609357476234436
1.40199,0.7343313694000244,0.26566869020462036
1.41057,0.6519432067871094,0.34805676341056824
1.41513,0.7210623025894165,0.2789376676082611
1.4018,0.6499066948890686,0.3500933051109314
1.40223,0.5518044829368591,0.4481954872608185
1.41043,0.6293699741363525,0.37063002586364746
1.40665,0.6686625480651855,0.33133745193481445
1.41082,0.6864652037620544,0.3135347366333008
1.39926,0.7486957907676697,0.2513042092323303
1.3973,0.613903284072876,0.38609668612480164
1.39566,0.6500624418258667,0.34993764758110046
1.39072,0.7694721221923828,0.230527862906456
1.39048,0.7769730091094971,0.22302693128585815
1.38922,0.6455767154693604,0.35442325472831726
1.39115,0.6820912957191467,0.31790876388549805
1.37281,0.6743813753128052,0.32561859488487244
1.38105,0.6830936074256897,0.3169063925743103
1.388,0.7775238752365112,0.22247609496116638
1.37701,0.6675132513046265,0.3324868083000183
1.39659,0.5930914878845215,0.4069085121154785
1.38852,0.6574360132217407,0.34256401658058167
1.38961,0.6998510360717773,0.30014899373054504
1.38739,0.5148880481719971,0.48511195182800293
1.38235,0.5867149829864502,0.41328510642051697
1.38819,0.6471089124679565,0.35289108753204346
1.38504,0.769491970539093,0.230507954955101
1.3814,0.7342256307601929,0.26577433943748474
1.38934,0.6870371699333191,0.3129628896713257
1.39116,0.6824086904525757,0.3175913691520691
1.40058,0.5728372931480408,0.4271627366542816
1.37913,0.6192620992660522,0.38073790073394775
1.40099,0.6536595821380615,0.34634047746658325
1.40322,0.5958869457244873,0.4041130244731903
1.3838,0.6664050221443176,0.3335949778556824
1.36866,0.7062332630157471,0.2937667667865753
1.36458,0.6789361238479614,0.3210638165473938
1.36264,0.7014070749282837,0.2985928952693939
1.35789,0.6602665185928345,0.3397334814071655
1.3521,0.7203694581985474,0.27963054180145264
1.35131,0.6995974779129028,0.30040258169174194
1.34962,0.6174864172935486,0.38251355290412903
1.3553,0.6236068606376648,0.3763931691646576
1.35383,0.7325634956359863,0.2674364149570465
1.36308,0.6875811219215393,0.31241893768310547
1.37478,0.6167082190513611,0.3832917809486389
1.37238,0.5877686738967896,0.4122312664985657
1.36642,0.5821554660797119,0.4178444743156433
1.35684,0.7136423587799072,0.28635767102241516
1.34669,0.5806878805160522,0.41931211948394775
1.34868,0.5676037073135376,0.4323963224887848
1.35065,0.678547739982605,0.32145223021507263
1.36112,0.6389147043228149,0.36108526587486267
1.3655,0.7022579908370972,0.29774200916290283
1.3496,0.7261295318603516,0.27387043833732605
1.34789,0.6970574855804443,0.3029426038265228
1.35797,0.6861637234687805,0.31383630633354187
1.35416,0.6369365453720093,0.3630634546279907
1.33599,0.5965405702590942,0.40345945954322815
1.3195,0.6725937128067017,0.32740625739097595
1.3152,0.5292550325393677,0.47074493765830994
1.32046,0.6182652115821838,0.38173478841781616
1.31405,0.7223140597343445,0.2776859998703003
1.31257,0.7008816599845886,0.2991182804107666
1.31774,0.6551176905632019,0.3448822498321533
1.3132,0.6402155756950378,0.35978439450263977
1.32063,0.6283776760101318,0.3716222941875458
1.31292,0.6521941423416138,0.34780585765838623
1.31334,0.7310815453529358,0.26891839504241943
1.32998,0.6481429934501648,0.3518569767475128
1.33149,0.678903341293335,0.3210965692996979
1.3281,0.5452813506126404,0.45471861958503723
1.34195,0.588005781173706,0.41199424862861633
1.35222,0.6888895034790039,0.3111104965209961
1.35301,0.6172498464584351,0.3827500641345978
1.36349,0.5960040092468262,0.4039960205554962
1.3659,0.5817820429801941,0.4182179272174835
1.36623,0.6679779291152954,0.332022100687027
1.35882,0.5962907671928406,0.4037092328071594
1.36154,0.7205151319503784,0.2794848382472992
1.37292,0.5997334122657776,0.4002666175365448
1.3725,0.6864862442016602,0.31351375579833984
1.35785,0.5841553807258606,0.4158446490764618
1.37343,0.6430015563964844,0.35699841380119324
1.36438,0.6630114912986755,0.3369884490966797
1.3706,0.351066529750824,0.648933470249176
1.35713,0.661421537399292,0.338578462600708
1.35545,0.7470874190330505,0.25291261076927185
1.36175,0.7401496171951294,0.259850412607193
1.35484,0.6536863446235657,0.34631362557411194
1.3501,0.6252602934837341,0.37473970651626587
1.3411,0.6915386915206909,0.3084612786769867
1.34803,0.6290212869644165,0.3709786832332611
1.34364,0.638123095035553,0.361876904964447
1.35538,0.5916652083396912,0.40833476185798645
1.36871,0.5369921922683716,0.46300777792930603
1.36829,0.6546686887741089,0.3453313708305359
1.377,0.6437860131263733,0.3562139570713043
1.37685,0.6106798648834229,0.38932013511657715
1.39626,0.7493599653244019,0.2506400942802429
1.40169,0.5943983793258667,0.4056015610694885
1.4001,0.6977673172950745,0.3022327125072479
1.40106,0.7258508205413818,0.27414920926094055
1.41327,0.6033279299736023,0.3966720402240753
1.41673,0.7559171319007874,0.24408285319805145
1.42489,0.5921517014503479,0.4078482985496521
1.4211,0.6645722985267639,0.33542773127555847
1.41964,0.701417088508606,0.29858288168907166
1.41997,0.7320441603660583,0.2679558992385864
1.41352,0.6562174558639526,0.3437824845314026
1.41478,0.6830395460128784,0.3169604539871216
1.41518,0.6660597920417786,0.33394020795822144
1.42632,0.6863211989402771,0.3136787414550781
1.42929,0.6478940844535828,0.35210591554641724
1.42441,0.6772395372390747,0.3227604329586029
1.41238,0.6838800311088562,0.3161199986934662
1.41647,0.49692633748054504,0.5030736923217773
1.42668,0.6238738894462585,0.37612614035606384
1.4249,0.7222593426704407,0.27774059772491455
1.42495,0.6744511723518372,0.3255488872528076
1.42557,0.602759838104248,0.39724019169807434
1.43435,0.7898591160774231,0.2101408839225769
1.42958,0.7188180088996887,0.2811819612979889
1.41292,0.6659675240516663,0.3340325355529785
1.40908,0.7052772641181946,0.2947227358818054
1.40147,0.5996546745300293,0.4003453254699707
1.39105,0.6369486451148987,0.36305129528045654
1.40901,0.7574164867401123,0.24258355796337128
1.43199,0.7355229258537292,0.26447704434394836
1.39892,0.7217509746551514,0.278249055147171
1.38607,0.6902183294296265,0.30978158116340637
1.38403,0.6246464252471924,0.37535360455513
1.39142,0.7161025404930115,0.2838974893093109
1.40966,0.6646532416343689,0.3353467583656311
1.40716,0.60505211353302,0.3949478566646576
1.4161,0.7280703783035278,0.2719295918941498
1.40461,0.6978293657302856,0.30217060446739197
1.39557,0.5708772540092468,0.42912277579307556
1.39852,0.6768625378608704,0.32313743233680725
1.40597,0.6095623970031738,0.39043763279914856
1.40329,0.7048195004463196,0.29518046975135803
1.41328,0.6893731355667114,0.3106268048286438
1.40477,0.6931874752044678,0.30681249499320984
